#timestamp [ns],filename
1749296433142454272,1749296433142454272.png
1749296433476337664,1749296433476337664.png
1749296433809969152,1749296433809969152.png
1749296434139976960,1749296434139976960.png
1749296434470355712,1749296434470355712.png
1749296434811988480,1749296434811988480.png
1749296435142599936,1749296435142599936.png
1749296435472566528,1749296435472566528.png
1749296435802529792,1749296435802529792.png
1749296436131258368,1749296436131258368.png
1749296436457308416,1749296436457308416.png
1749296436783215104,1749296436783215104.png
1749296437108288256,1749296437108288256.png
1749296437434488320,1749296437434488320.png
1749296437757471744,1749296437757471744.png
1749296438049913856,1749296438049913856.png
1749296438285199360,1749296438285199360.png
1749296438497617920,1749296438497617920.png
1749296438707983616,1749296438707983616.png
1749296438920044032,1749296438920044032.png
1749296439130324992,1749296439130324992.png
1749296439339187456,1749296439339187456.png
1749296439546614016,1749296439546614016.png
1749296439750299392,1749296439750299392.png
1749296439954632192,1749296439954632192.png
1749296440157715200,1749296440157715200.png
1749296440352087040,1749296440352087040.png
1749296440548225280,1749296440548225280.png
1749296440747222784,1749296440747222784.png
1749296440952109056,1749296440952109056.png
1749296441157733632,1749296441157733632.png
1749296441367704576,1749296441367704576.png
1749296441578576384,1749296441578576384.png
1749296441788484096,1749296441788484096.png
1749296442000967680,1749296442000967680.png
1749296442212124672,1749296442212124672.png
1749296442424491264,1749296442424491264.png
1749296442637365760,1749296442637365760.png
1749296442851938560,1749296442851938560.png
1749296443069466880,1749296443069466880.png
1749296443285738496,1749296443285738496.png
1749296443501537280,1749296443501537280.png
1749296443717371392,1749296443717371392.png
1749296443933658112,1749296443933658112.png
1749296444151793152,1749296444151793152.png
1749296444369082368,1749296444369082368.png
1749296444585651200,1749296444585651200.png
1749296444799272960,1749296444799272960.png
1749296445014355712,1749296445014355712.png
1749296445233447936,1749296445233447936.png
1749296445450052864,1749296445450052864.png
1749296445666343936,1749296445666343936.png
1749296445886571008,1749296445886571008.png
1749296446102579200,1749296446102579200.png
1749296446315390208,1749296446315390208.png
1749296446530137600,1749296446530137600.png
1749296446749976064,1749296446749976064.png
1749296446967688192,1749296446967688192.png
1749296447180299008,1749296447180299008.png
1749296447399199488,1749296447399199488.png
1749296447611768064,1749296447611768064.png
1749296447829572608,1749296447829572608.png
1749296448041845504,1749296448041845504.png
1749296448256783872,1749296448256783872.png
1749296448469643520,1749296448469643520.png
1749296448684635392,1749296448684635392.png
1749296448900450048,1749296448900450048.png
1749296449110103552,1749296449110103552.png
1749296449315407104,1749296449315407104.png
1749296449522402816,1749296449522402816.png
1749296449730367488,1749296449730367488.png
1749296449941437440,1749296449941437440.png
1749296450152363008,1749296450152363008.png
1749296450362422272,1749296450362422272.png
1749296450571891456,1749296450571891456.png
1749296450785332224,1749296450785332224.png
1749296450997086208,1749296450997086208.png
1749296451217081344,1749296451217081344.png
1749296451436807424,1749296451436807424.png
1749296451660361216,1749296451660361216.png
1749296451885901056,1749296451885901056.png
1749296452109507584,1749296452109507584.png
1749296452329017344,1749296452329017344.png
1749296452558690560,1749296452558690560.png
1749296452783916544,1749296452783916544.png
1749296453005690880,1749296453005690880.png
1749296453219398656,1749296453219398656.png
1749296453437395712,1749296453437395712.png
1749296453656129280,1749296453656129280.png
1749296453875823360,1749296453875823360.png
1749296454086139136,1749296454086139136.png
1749296454297626880,1749296454297626880.png
1749296454507224576,1749296454507224576.png
1749296454716022272,1749296454716022272.png
1749296454930563584,1749296454930563584.png
1749296455139713024,1749296455139713024.png
1749296455354813440,1749296455354813440.png
1749296455574536448,1749296455574536448.png
1749296455793366272,1749296455793366272.png
1749296456012791040,1749296456012791040.png
1749296456233081600,1749296456233081600.png
1749296456450728192,1749296456450728192.png
1749296456671196416,1749296456671196416.png
1749296456891579648,1749296456891579648.png
1749296457118453248,1749296457118453248.png
1749296457338360832,1749296457338360832.png
1749296457562565632,1749296457562565632.png
1749296457783514368,1749296457783514368.png
1749296458006428672,1749296458006428672.png
1749296458219209472,1749296458219209472.png
1749296458439357184,1749296458439357184.png
1749296458657374720,1749296458657374720.png
1749296458874214400,1749296458874214400.png
1749296459093184256,1749296459093184256.png
1749296459313832192,1749296459313832192.png
1749296459531782400,1749296459531782400.png
1749296459747020032,1749296459747020032.png
1749296459962136320,1749296459962136320.png
1749296460191902976,1749296460191902976.png
1749296460418050816,1749296460418050816.png
1749296460655939072,1749296460655939072.png
1749296460924511232,1749296460924511232.png
1749296461209154304,1749296461209154304.png
1749296461560219648,1749296461560219648.png
1749296461910308352,1749296461910308352.png
1749296462260988672,1749296462260988672.png
1749296462607281152,1749296462607281152.png
1749296462957085696,1749296462957085696.png
1749296463305890560,1749296463305890560.png
1749296463655645184,1749296463655645184.png
1749296464002871552,1749296464002871552.png
1749296464313963008,1749296464313963008.png
1749296464551068928,1749296464551068928.png
1749296464769621760,1749296464769621760.png
1749296464982681088,1749296464982681088.png
1749296465193696768,1749296465193696768.png
1749296465416465408,1749296465416465408.png
1749296465684319744,1749296465684319744.png
1749296466022390016,1749296466022390016.png
1749296466357998848,1749296466357998848.png
1749296466686444800,1749296466686444800.png
1749296466994386176,1749296466994386176.png
1749296467237055488,1749296467237055488.png
1749296467459459072,1749296467459459072.png
1749296467671735040,1749296467671735040.png
1749296467883516416,1749296467883516416.png
1749296468095337472,1749296468095337472.png
1749296468307474944,1749296468307474944.png
1749296468513920512,1749296468513920512.png
1749296468718940160,1749296468718940160.png
1749296468927845376,1749296468927845376.png
1749296469137641472,1749296469137641472.png
1749296469348697088,1749296469348697088.png
1749296469559932672,1749296469559932672.png
1749296469770264576,1749296469770264576.png
1749296469986536192,1749296469986536192.png
1749296470200603904,1749296470200603904.png
1749296470416460544,1749296470416460544.png
1749296470630991872,1749296470630991872.png
1749296470852385536,1749296470852385536.png
1749296471076971008,1749296471076971008.png
1749296471296178688,1749296471296178688.png
1749296471515985408,1749296471515985408.png
1749296471731341312,1749296471731341312.png
1749296471951110400,1749296471951110400.png
1749296472169024768,1749296472169024768.png
1749296472386011904,1749296472386011904.png
1749296472600265728,1749296472600265728.png
1749296472818403072,1749296472818403072.png
1749296473034102016,1749296473034102016.png
1749296473247811840,1749296473247811840.png
1749296473461528064,1749296473461528064.png
1749296473674299136,1749296473674299136.png
1749296473879319040,1749296473879319040.png
1749296474083881216,1749296474083881216.png
1749296474291218944,1749296474291218944.png
1749296474505832704,1749296474505832704.png
1749296474717563648,1749296474717563648.png
1749296474926531328,1749296474926531328.png
1749296475143586816,1749296475143586816.png
1749296475358524928,1749296475358524928.png
1749296475577832192,1749296475577832192.png
1749296475791510272,1749296475791510272.png
1749296476010032128,1749296476010032128.png
1749296476226673920,1749296476226673920.png
1749296476446590464,1749296476446590464.png
1749296476662434048,1749296476662434048.png
1749296476879327744,1749296476879327744.png
1749296477091760128,1749296477091760128.png
1749296477308686848,1749296477308686848.png
1749296477525207552,1749296477525207552.png
1749296477740704000,1749296477740704000.png
1749296477960818432,1749296477960818432.png
1749296478177782016,1749296478177782016.png
1749296478393016320,1749296478393016320.png
1749296478611572480,1749296478611572480.png
1749296478830708480,1749296478830708480.png
1749296479047834624,1749296479047834624.png
1749296479264159744,1749296479264159744.png
1749296479483496448,1749296479483496448.png
1749296479701864448,1749296479701864448.png
1749296479919935232,1749296479919935232.png
1749296480136043520,1749296480136043520.png
1749296480349233664,1749296480349233664.png
1749296480563330304,1749296480563330304.png
1749296480777116672,1749296480777116672.png
1749296480998096384,1749296480998096384.png
1749296481214915840,1749296481214915840.png
1749296481432039680,1749296481432039680.png
1749296481648656128,1749296481648656128.png
1749296481868460544,1749296481868460544.png
1749296482088051456,1749296482088051456.png
1749296482303574016,1749296482303574016.png
1749296482520814592,1749296482520814592.png
1749296482740219136,1749296482740219136.png
1749296482957877248,1749296482957877248.png
1749296483174870016,1749296483174870016.png
1749296483386283776,1749296483386283776.png
1749296483600472576,1749296483600472576.png
1749296483814319616,1749296483814319616.png
1749296484025937408,1749296484025937408.png
1749296484237275136,1749296484237275136.png
1749296484450139136,1749296484450139136.png
1749296484662090240,1749296484662090240.png
1749296484870514944,1749296484870514944.png
1749296485085242624,1749296485085242624.png
1749296485298078208,1749296485298078208.png
1749296485516296448,1749296485516296448.png
1749296485740815616,1749296485740815616.png
1749296485962808832,1749296485962808832.png
1749296486191971328,1749296486191971328.png
1749296486416370688,1749296486416370688.png
1749296486638583296,1749296486638583296.png
1749296486861946624,1749296486861946624.png
1749296487081519360,1749296487081519360.png
1749296487306521600,1749296487306521600.png
1749296487523180544,1749296487523180544.png
1749296487739639296,1749296487739639296.png
1749296487959185408,1749296487959185408.png
1749296488176968704,1749296488176968704.png
1749296488396788480,1749296488396788480.png
1749296488613812224,1749296488613812224.png
1749296488843319296,1749296488843319296.png
1749296489069466112,1749296489069466112.png
1749296489294124288,1749296489294124288.png
1749296489522554368,1749296489522554368.png
1749296489746549760,1749296489746549760.png
1749296489964559360,1749296489964559360.png
1749296490181808128,1749296490181808128.png
1749296490404265472,1749296490404265472.png
1749296490629479680,1749296490629479680.png
1749296490849273856,1749296490849273856.png
1749296491072748544,1749296491072748544.png
1749296491290065920,1749296491290065920.png
1749296491513491200,1749296491513491200.png
1749296491731730688,1749296491731730688.png
1749296491953878784,1749296491953878784.png
1749296492171532032,1749296492171532032.png
1749296492388954112,1749296492388954112.png
1749296492607237632,1749296492607237632.png
1749296492835643904,1749296492835643904.png
1749296493058742784,1749296493058742784.png
1749296493280114688,1749296493280114688.png
1749296493501785344,1749296493501785344.png
1749296493727763712,1749296493727763712.png
1749296493962961664,1749296493962961664.png
1749296494196396288,1749296494196396288.png
1749296494428533760,1749296494428533760.png
1749296494657112320,1749296494657112320.png
1749296494886318848,1749296494886318848.png
1749296495114714624,1749296495114714624.png
1749296495341870848,1749296495341870848.png
1749296495571455488,1749296495571455488.png
1749296495798247680,1749296495798247680.png
1749296496020834560,1749296496020834560.png
1749296496248321280,1749296496248321280.png
1749296496465317632,1749296496465317632.png
1749296496684053504,1749296496684053504.png
1749296496900127232,1749296496900127232.png
1749296497118981120,1749296497118981120.png
1749296497337917952,1749296497337917952.png
1749296497551672320,1749296497551672320.png
1749296497771671040,1749296497771671040.png
1749296497992570880,1749296497992570880.png
1749296498205717504,1749296498205717504.png
1749296498424349184,1749296498424349184.png
1749296498641907968,1749296498641907968.png
1749296498863527936,1749296498863527936.png
1749296499088093440,1749296499088093440.png
1749296499319175168,1749296499319175168.png
1749296499545291776,1749296499545291776.png
1749296499777390848,1749296499777390848.png
1749296500008888064,1749296500008888064.png
1749296500242766848,1749296500242766848.png
1749296500468683520,1749296500468683520.png
1749296500697122816,1749296500697122816.png
1749296500917601024,1749296500917601024.png
1749296501136812288,1749296501136812288.png
1749296501354107904,1749296501354107904.png
1749296501571806208,1749296501571806208.png
1749296501787510784,1749296501787510784.png
1749296502005036288,1749296502005036288.png
1749296502222403584,1749296502222403584.png
1749296502444365312,1749296502444365312.png
1749296502662972928,1749296502662972928.png
1749296502875263744,1749296502875263744.png
1749296503088527616,1749296503088527616.png
1749296503298102528,1749296503298102528.png
1749296503509029120,1749296503509029120.png
1749296503731940352,1749296503731940352.png
1749296503947529728,1749296503947529728.png
1749296504162735616,1749296504162735616.png
1749296504376157696,1749296504376157696.png
1749296504592321280,1749296504592321280.png
1749296504815163904,1749296504815163904.png
1749296505040972800,1749296505040972800.png
1749296505270400000,1749296505270400000.png
1749296505499047680,1749296505499047680.png
1749296505725303296,1749296505725303296.png
1749296505954209536,1749296505954209536.png
1749296506182029568,1749296506182029568.png
1749296506406976000,1749296506406976000.png
1749296506634569472,1749296506634569472.png
1749296506862749440,1749296506862749440.png
1749296507081629184,1749296507081629184.png
1749296507294601472,1749296507294601472.png
1749296507508129792,1749296507508129792.png
1749296507710301952,1749296507710301952.png
1749296507915067392,1749296507915067392.png
1749296508120985344,1749296508120985344.png
1749296508327823360,1749296508327823360.png
1749296508537084928,1749296508537084928.png
1749296508734105856,1749296508734105856.png
1749296508933364736,1749296508933364736.png
1749296509133509120,1749296509133509120.png
1749296509333113344,1749296509333113344.png
1749296509531010048,1749296509531010048.png
1749296509725114880,1749296509725114880.png
1749296509924829952,1749296509924829952.png
1749296510133836544,1749296510133836544.png
1749296510338075648,1749296510338075648.png
1749296510544088064,1749296510544088064.png
1749296510747524864,1749296510747524864.png
1749296510953718272,1749296510953718272.png
1749296511153801216,1749296511153801216.png
1749296511359437312,1749296511359437312.png
1749296511564137728,1749296511564137728.png
1749296511758097152,1749296511758097152.png
1749296511961899008,1749296511961899008.png
1749296512168672256,1749296512168672256.png
1749296512373547264,1749296512373547264.png
1749296512575890432,1749296512575890432.png
1749296512778765056,1749296512778765056.png
1749296512977807616,1749296512977807616.png
1749296513177306880,1749296513177306880.png
1749296513383225344,1749296513383225344.png
1749296513585112064,1749296513585112064.png
1749296513788255232,1749296513788255232.png
1749296513992495872,1749296513992495872.png
1749296514202977792,1749296514202977792.png
1749296514406245376,1749296514406245376.png
1749296514613021952,1749296514613021952.png
1749296514818430464,1749296514818430464.png
1749296515029555456,1749296515029555456.png
1749296515240607488,1749296515240607488.png
1749296515456233728,1749296515456233728.png
1749296515680560640,1749296515680560640.png
1749296515901873408,1749296515901873408.png
1749296516122194176,1749296516122194176.png
1749296516350787328,1749296516350787328.png
1749296516574008832,1749296516574008832.png
1749296516794787840,1749296516794787840.png
1749296517004356352,1749296517004356352.png
1749296517211050752,1749296517211050752.png
1749296517421429760,1749296517421429760.png
1749296517627430912,1749296517627430912.png
1749296517833166080,1749296517833166080.png
1749296518041357824,1749296518041357824.png
1749296518250281216,1749296518250281216.png
1749296518460926464,1749296518460926464.png
1749296518664859392,1749296518664859392.png
1749296518865367552,1749296518865367552.png
1749296519072747520,1749296519072747520.png
1749296519297031424,1749296519297031424.png
1749296519506231552,1749296519506231552.png
1749296519716709120,1749296519716709120.png
1749296519925554432,1749296519925554432.png
1749296520141798400,1749296520141798400.png
1749296520355955200,1749296520355955200.png
1749296520572163840,1749296520572163840.png
1749296520789225728,1749296520789225728.png
1749296520999644416,1749296520999644416.png
1749296521209645568,1749296521209645568.png
1749296521418366464,1749296521418366464.png
1749296521625159168,1749296521625159168.png
1749296521831246592,1749296521831246592.png
1749296522038398208,1749296522038398208.png
1749296522254831360,1749296522254831360.png
1749296522473796864,1749296522473796864.png
1749296522687018496,1749296522687018496.png
1749296522896403200,1749296522896403200.png
1749296523111448064,1749296523111448064.png
1749296523324618752,1749296523324618752.png
1749296523540385024,1749296523540385024.png
1749296523761826304,1749296523761826304.png
1749296523981636608,1749296523981636608.png
1749296524202093568,1749296524202093568.png
1749296524426475008,1749296524426475008.png
1749296524647601408,1749296524647601408.png
1749296524862876672,1749296524862876672.png
1749296525075554560,1749296525075554560.png
1749296525289133056,1749296525289133056.png
1749296525503156224,1749296525503156224.png
1749296525719399936,1749296525719399936.png
1749296525926095616,1749296525926095616.png
1749296526134960128,1749296526134960128.png
1749296526351150848,1749296526351150848.png
1749296526562920704,1749296526562920704.png
1749296526781335808,1749296526781335808.png
1749296526998362880,1749296526998362880.png
1749296527216168704,1749296527216168704.png
1749296527435786752,1749296527435786752.png
1749296527655318528,1749296527655318528.png
1749296527876114176,1749296527876114176.png
1749296528089870848,1749296528089870848.png
1749296528306688512,1749296528306688512.png
1749296528522308864,1749296528522308864.png
1749296528739867648,1749296528739867648.png
1749296528959360512,1749296528959360512.png
1749296529177850368,1749296529177850368.png
1749296529394498304,1749296529394498304.png
1749296529611024128,1749296529611024128.png
1749296529828485120,1749296529828485120.png
1749296530041520896,1749296530041520896.png
1749296530253501184,1749296530253501184.png
1749296530463209728,1749296530463209728.png
1749296530669671936,1749296530669671936.png
1749296530872500224,1749296530872500224.png
1749296531079095296,1749296531079095296.png
1749296531282979840,1749296531282979840.png
1749296531490940672,1749296531490940672.png
1749296531695918336,1749296531695918336.png
1749296531904097024,1749296531904097024.png
1749296532110894080,1749296532110894080.png
1749296532316450560,1749296532316450560.png
1749296532526450944,1749296532526450944.png
1749296532730571264,1749296532730571264.png
1749296532933441024,1749296532933441024.png
1749296533140390144,1749296533140390144.png
1749296533344094720,1749296533344094720.png
1749296533549408512,1749296533549408512.png
1749296533753154816,1749296533753154816.png
1749296533959235584,1749296533959235584.png
1749296534167541760,1749296534167541760.png
1749296534370418944,1749296534370418944.png
1749296534576556288,1749296534576556288.png
1749296534782311424,1749296534782311424.png
1749296534987479040,1749296534987479040.png
1749296535194527744,1749296535194527744.png
1749296535401705472,1749296535401705472.png
1749296535610142976,1749296535610142976.png
1749296535819498240,1749296535819498240.png
1749296536026949376,1749296536026949376.png
1749296536235194112,1749296536235194112.png
1749296536442380544,1749296536442380544.png
1749296536652977920,1749296536652977920.png
1749296536865415936,1749296536865415936.png
1749296537075959808,1749296537075959808.png
1749296537294332160,1749296537294332160.png
1749296537511065600,1749296537511065600.png
1749296537727332352,1749296537727332352.png
1749296537946966272,1749296537946966272.png
1749296538162821632,1749296538162821632.png
1749296538379810048,1749296538379810048.png
1749296538595036160,1749296538595036160.png
1749296538811256576,1749296538811256576.png
1749296539024709120,1749296539024709120.png
1749296539235539712,1749296539235539712.png
1749296539442164992,1749296539442164992.png
1749296539646547200,1749296539646547200.png
1749296539848843008,1749296539848843008.png
1749296540052380672,1749296540052380672.png
1749296540252512768,1749296540252512768.png
1749296540450643456,1749296540450643456.png
1749296540648821504,1749296540648821504.png
1749296540850092544,1749296540850092544.png
1749296541049914624,1749296541049914624.png
1749296541251477504,1749296541251477504.png
1749296541453665536,1749296541453665536.png
1749296541655076352,1749296541655076352.png
1749296541859147264,1749296541859147264.png
1749296542059628032,1749296542059628032.png
1749296542261931776,1749296542261931776.png
1749296542462765056,1749296542462765056.png
1749296542661206784,1749296542661206784.png
1749296542857761024,1749296542857761024.png
1749296543062160640,1749296543062160640.png
1749296543258026752,1749296543258026752.png
1749296543453304832,1749296543453304832.png
1749296543649558784,1749296543649558784.png
1749296543846443008,1749296543846443008.png
1749296544046988544,1749296544046988544.png
1749296544244148736,1749296544244148736.png
1749296544440576512,1749296544440576512.png
1749296544633355520,1749296544633355520.png
1749296544823556608,1749296544823556608.png
1749296545017997056,1749296545017997056.png
1749296545208740608,1749296545208740608.png
1749296545396517888,1749296545396517888.png
1749296545587242752,1749296545587242752.png
1749296545778100736,1749296545778100736.png
1749296545968004352,1749296545968004352.png
1749296546158093056,1749296546158093056.png
1749296546343511040,1749296546343511040.png
1749296546533407232,1749296546533407232.png
1749296546724132096,1749296546724132096.png
1749296546918017792,1749296546918017792.png
1749296547110976512,1749296547110976512.png
1749296547310170624,1749296547310170624.png
1749296547514758400,1749296547514758400.png
1749296547715211264,1749296547715211264.png
1749296547917980160,1749296547917980160.png
1749296548123528960,1749296548123528960.png
1749296548325051648,1749296548325051648.png
1749296548525197056,1749296548525197056.png
1749296548733118208,1749296548733118208.png
1749296548938508800,1749296548938508800.png
1749296549149670144,1749296549149670144.png
1749296549355438848,1749296549355438848.png
1749296549561035520,1749296549561035520.png
1749296549769713920,1749296549769713920.png
1749296549976462848,1749296549976462848.png
1749296550177242880,1749296550177242880.png
1749296550373391616,1749296550373391616.png
1749296550574883840,1749296550574883840.png
1749296550780324608,1749296550780324608.png
1749296550985493248,1749296550985493248.png
1749296551193085440,1749296551193085440.png
1749296551400259584,1749296551400259584.png
1749296551609817600,1749296551609817600.png
1749296551819752448,1749296551819752448.png
1749296552033318144,1749296552033318144.png
1749296552239043840,1749296552239043840.png
1749296552447339008,1749296552447339008.png
1749296552655667712,1749296552655667712.png
1749296552865547008,1749296552865547008.png
1749296553073711360,1749296553073711360.png
1749296553278925568,1749296553278925568.png
1749296553483251712,1749296553483251712.png
1749296553687453952,1749296553687453952.png
1749296553894984448,1749296553894984448.png
1749296554101626880,1749296554101626880.png
1749296554304910080,1749296554304910080.png
1749296554509191936,1749296554509191936.png
1749296554718698240,1749296554718698240.png
1749296554927428864,1749296554927428864.png
1749296555139411200,1749296555139411200.png
1749296555352291072,1749296555352291072.png
1749296555568478464,1749296555568478464.png
1749296555785553920,1749296555785553920.png
1749296555999733504,1749296555999733504.png
1749296556215729152,1749296556215729152.png
1749296556428841728,1749296556428841728.png
1749296556642622208,1749296556642622208.png
1749296556852912128,1749296556852912128.png
1749296557066250496,1749296557066250496.png
1749296557279123712,1749296557279123712.png
1749296557488107776,1749296557488107776.png
1749296557693759744,1749296557693759744.png
1749296557895845120,1749296557895845120.png
1749296558097820928,1749296558097820928.png
1749296558303762432,1749296558303762432.png
1749296558517667840,1749296558517667840.png
1749296558732733952,1749296558732733952.png
1749296558949267456,1749296558949267456.png
1749296559166275840,1749296559166275840.png
1749296559383943680,1749296559383943680.png
1749296559603182592,1749296559603182592.png
1749296559822635520,1749296559822635520.png
1749296560043095040,1749296560043095040.png
1749296560259067648,1749296560259067648.png
1749296560479748608,1749296560479748608.png
1749296560702000896,1749296560702000896.png
1749296560917254400,1749296560917254400.png
1749296561133060608,1749296561133060608.png
1749296561351161344,1749296561351161344.png
1749296561577730560,1749296561577730560.png
1749296561800621056,1749296561800621056.png
1749296562026337024,1749296562026337024.png
1749296562242273536,1749296562242273536.png
1749296562461104128,1749296562461104128.png
1749296562676902656,1749296562676902656.png
1749296562898776832,1749296562898776832.png
1749296563117437952,1749296563117437952.png
1749296563338014976,1749296563338014976.png
1749296563554334720,1749296563554334720.png
1749296563774393600,1749296563774393600.png
1749296563990686720,1749296563990686720.png
1749296564205883136,1749296564205883136.png
1749296564416920576,1749296564416920576.png
1749296564628263936,1749296564628263936.png
1749296564841923840,1749296564841923840.png
1749296565058919168,1749296565058919168.png
1749296565276855040,1749296565276855040.png
1749296565497952768,1749296565497952768.png
1749296565718770944,1749296565718770944.png
1749296565936463872,1749296565936463872.png
1749296566169952512,1749296566169952512.png
1749296566391507712,1749296566391507712.png
1749296566610512640,1749296566610512640.png
1749296566831951872,1749296566831951872.png
1749296567050189568,1749296567050189568.png
1749296567265179648,1749296567265179648.png
1749296567487553536,1749296567487553536.png
1749296567705076736,1749296567705076736.png
1749296567921845248,1749296567921845248.png
1749296568144218368,1749296568144218368.png
1749296568375080448,1749296568375080448.png
1749296568595889152,1749296568595889152.png
1749296568815633152,1749296568815633152.png
1749296569035031040,1749296569035031040.png
1749296569252657152,1749296569252657152.png
1749296569473517824,1749296569473517824.png
1749296569694645248,1749296569694645248.png
1749296569915173888,1749296569915173888.png
1749296570132628480,1749296570132628480.png
1749296570352070144,1749296570352070144.png
1749296570564845568,1749296570564845568.png
1749296570779170560,1749296570779170560.png
1749296570989427456,1749296570989427456.png
1749296571202459904,1749296571202459904.png
1749296571413256704,1749296571413256704.png
1749296571620733952,1749296571620733952.png
1749296571833440000,1749296571833440000.png
1749296572042350592,1749296572042350592.png
1749296572251579904,1749296572251579904.png
1749296572454328832,1749296572454328832.png
1749296572654454272,1749296572654454272.png
1749296572857163008,1749296572857163008.png
1749296573062734080,1749296573062734080.png
1749296573269391872,1749296573269391872.png
1749296573474471680,1749296573474471680.png
1749296573678298624,1749296573678298624.png
1749296573879125248,1749296573879125248.png
1749296574080241664,1749296574080241664.png
1749296574279282688,1749296574279282688.png
1749296574478436096,1749296574478436096.png
1749296574674955776,1749296574674955776.png
1749296574867572992,1749296574867572992.png
1749296575060404480,1749296575060404480.png
1749296575257325824,1749296575257325824.png
1749296575454017792,1749296575454017792.png
1749296575658486016,1749296575658486016.png
1749296575862029824,1749296575862029824.png
1749296576062410496,1749296576062410496.png
1749296576264926208,1749296576264926208.png
1749296576467900160,1749296576467900160.png
1749296576668522752,1749296576668522752.png
1749296576866564352,1749296576866564352.png
1749296577066755072,1749296577066755072.png
1749296577269574400,1749296577269574400.png
1749296577469313792,1749296577469313792.png
1749296577669332992,1749296577669332992.png
1749296577868952320,1749296577868952320.png
1749296578069646592,1749296578069646592.png
1749296578267974400,1749296578267974400.png
1749296578468529664,1749296578468529664.png
1749296578669896704,1749296578669896704.png
1749296578867964160,1749296578867964160.png
1749296579068664064,1749296579068664064.png
1749296579272855296,1749296579272855296.png
1749296579473334272,1749296579473334272.png
1749296579675457280,1749296579675457280.png
1749296579875068160,1749296579875068160.png
1749296580081507840,1749296580081507840.png
1749296580287908352,1749296580287908352.png
1749296580491638528,1749296580491638528.png
1749296580697536256,1749296580697536256.png
1749296580898285312,1749296580898285312.png
1749296581099551744,1749296581099551744.png
1749296581301342976,1749296581301342976.png
1749296581496901888,1749296581496901888.png
1749296581693630208,1749296581693630208.png
1749296581907266816,1749296581907266816.png
1749296582098858752,1749296582098858752.png
1749296582288502272,1749296582288502272.png
1749296582475171840,1749296582475171840.png
1749296582661678592,1749296582661678592.png
1749296582852416256,1749296582852416256.png
1749296583035251456,1749296583035251456.png
1749296583223608576,1749296583223608576.png
1749296583411574272,1749296583411574272.png
1749296583601012992,1749296583601012992.png
1749296583797596416,1749296583797596416.png
1749296583999760384,1749296583999760384.png
1749296584201915904,1749296584201915904.png
1749296584408273664,1749296584408273664.png
1749296584619648512,1749296584619648512.png
1749296584833802240,1749296584833802240.png
1749296585051505664,1749296585051505664.png
1749296585266263296,1749296585266263296.png
1749296585481491712,1749296585481491712.png
1749296585698547200,1749296585698547200.png
1749296585910714624,1749296585910714624.png
1749296586126189056,1749296586126189056.png
1749296586342559232,1749296586342559232.png
1749296586554245888,1749296586554245888.png
1749296586765588224,1749296586765588224.png
1749296586982789888,1749296586982789888.png
1749296587188642816,1749296587188642816.png
1749296587394452736,1749296587394452736.png
1749296587595842304,1749296587595842304.png
1749296587797027840,1749296587797027840.png
1749296587998297856,1749296587998297856.png
1749296588198210048,1749296588198210048.png
1749296588395546368,1749296588395546368.png
1749296588596818176,1749296588596818176.png
1749296588798671360,1749296588798671360.png
1749296588997662208,1749296588997662208.png
1749296589208459264,1749296589208459264.png
1749296589418233600,1749296589418233600.png
1749296589627096320,1749296589627096320.png
1749296589840276736,1749296589840276736.png
1749296590057901568,1749296590057901568.png
1749296590275870976,1749296590275870976.png
1749296590490704128,1749296590490704128.png
1749296590705537024,1749296590705537024.png
1749296590921768704,1749296590921768704.png
1749296591140076544,1749296591140076544.png
1749296591357368576,1749296591357368576.png
1749296591572287488,1749296591572287488.png
1749296591780047616,1749296591780047616.png
1749296591988145920,1749296591988145920.png
1749296592193818368,1749296592193818368.png
1749296592399561728,1749296592399561728.png
1749296592603074560,1749296592603074560.png
1749296592811294208,1749296592811294208.png
1749296593021682944,1749296593021682944.png
1749296593238923776,1749296593238923776.png
1749296593460673536,1749296593460673536.png
1749296593673843456,1749296593673843456.png
1749296593888885504,1749296593888885504.png
1749296594104774912,1749296594104774912.png
1749296594319725312,1749296594319725312.png
1749296594533952512,1749296594533952512.png
1749296594750566144,1749296594750566144.png
1749296594970334464,1749296594970334464.png
1749296595184371456,1749296595184371456.png
1749296595397319168,1749296595397319168.png
1749296595608136448,1749296595608136448.png
1749296595821308928,1749296595821308928.png
1749296596029015552,1749296596029015552.png
1749296596242123520,1749296596242123520.png
1749296596452666368,1749296596452666368.png
1749296596662145536,1749296596662145536.png
1749296596870477568,1749296596870477568.png
1749296597086408192,1749296597086408192.png
1749296597304569600,1749296597304569600.png
1749296597525865472,1749296597525865472.png
1749296597745495040,1749296597745495040.png
1749296597966253056,1749296597966253056.png
1749296598182040320,1749296598182040320.png
1749296598398749952,1749296598398749952.png
1749296598610739456,1749296598610739456.png
1749296598824423424,1749296598824423424.png
1749296599037234432,1749296599037234432.png
1749296599242390016,1749296599242390016.png
1749296599442822656,1749296599442822656.png
1749296599641156864,1749296599641156864.png
1749296599837813248,1749296599837813248.png
1749296600037836032,1749296600037836032.png
1749296600238787328,1749296600238787328.png
1749296600439479808,1749296600439479808.png
1749296600635192064,1749296600635192064.png
1749296600838328832,1749296600838328832.png
1749296601034076416,1749296601034076416.png
1749296601233518848,1749296601233518848.png
1749296601436916992,1749296601436916992.png
1749296601646369280,1749296601646369280.png
1749296601861833728,1749296601861833728.png
1749296602073300224,1749296602073300224.png
1749296602289877504,1749296602289877504.png
1749296602509621504,1749296602509621504.png
1749296602730131456,1749296602730131456.png
1749296602952483328,1749296602952483328.png
1749296603175542272,1749296603175542272.png
1749296603400216576,1749296603400216576.png
1749296603624886528,1749296603624886528.png
1749296603848319232,1749296603848319232.png
1749296604070515712,1749296604070515712.png
1749296604284920064,1749296604284920064.png
1749296604495305472,1749296604495305472.png
1749296604709709824,1749296604709709824.png
1749296604917175296,1749296604917175296.png
1749296605125418496,1749296605125418496.png
1749296605333977856,1749296605333977856.png
1749296605545645056,1749296605545645056.png
1749296605761217792,1749296605761217792.png
1749296605968574208,1749296605968574208.png
1749296606176703744,1749296606176703744.png
1749296606397625856,1749296606397625856.png
1749296606621461248,1749296606621461248.png
1749296606842805248,1749296606842805248.png
1749296607065005056,1749296607065005056.png
1749296607286052096,1749296607286052096.png
1749296607505498112,1749296607505498112.png
1749296607720553216,1749296607720553216.png
1749296607931311360,1749296607931311360.png
1749296608141190912,1749296608141190912.png
1749296608349971456,1749296608349971456.png
1749296608555648768,1749296608555648768.png
1749296608760277760,1749296608760277760.png
1749296608973511936,1749296608973511936.png
1749296609187988224,1749296609187988224.png
1749296609409365760,1749296609409365760.png
1749296609622448128,1749296609622448128.png
1749296609838940160,1749296609838940160.png
1749296610056647424,1749296610056647424.png
1749296610269535232,1749296610269535232.png
1749296610480532992,1749296610480532992.png
1749296610697301760,1749296610697301760.png
1749296610911652864,1749296610911652864.png
1749296611126437376,1749296611126437376.png
1749296611341797120,1749296611341797120.png
1749296611556041984,1749296611556041984.png
1749296611769838080,1749296611769838080.png
1749296611988540416,1749296611988540416.png
1749296612206761472,1749296612206761472.png
1749296612418926592,1749296612418926592.png
1749296612631846912,1749296612631846912.png
1749296612845959680,1749296612845959680.png
1749296613060695296,1749296613060695296.png
1749296613272295168,1749296613272295168.png
1749296613483435520,1749296613483435520.png
1749296613693011456,1749296613693011456.png
1749296613902482432,1749296613902482432.png
1749296614114207488,1749296614114207488.png
1749296614332272896,1749296614332272896.png
1749296614549205760,1749296614549205760.png
1749296614764556544,1749296614764556544.png
1749296614981205248,1749296614981205248.png
1749296615192413952,1749296615192413952.png
1749296615406866432,1749296615406866432.png
1749296615621316096,1749296615621316096.png
1749296615829906688,1749296615829906688.png
1749296616037316864,1749296616037316864.png
1749296616242584832,1749296616242584832.png
1749296616448845312,1749296616448845312.png
1749296616650421760,1749296616650421760.png
1749296616853604352,1749296616853604352.png
1749296617057626112,1749296617057626112.png
1749296617262969344,1749296617262969344.png
1749296617472962816,1749296617472962816.png
1749296617684165120,1749296617684165120.png
1749296617888887552,1749296617888887552.png
1749296618095744768,1749296618095744768.png
1749296618305489920,1749296618305489920.png
1749296618516694272,1749296618516694272.png
1749296618729555456,1749296618729555456.png
1749296618934523136,1749296618934523136.png
1749296619141074944,1749296619141074944.png
1749296619350346496,1749296619350346496.png
1749296619560048640,1749296619560048640.png
1749296619767767040,1749296619767767040.png
1749296619982282752,1749296619982282752.png
1749296620203039744,1749296620203039744.png
1749296620422497792,1749296620422497792.png
1749296620638562560,1749296620638562560.png
1749296620856275456,1749296620856275456.png
1749296621068911360,1749296621068911360.png
1749296621269540096,1749296621269540096.png
1749296621479685376,1749296621479685376.png
1749296621691115008,1749296621691115008.png
1749296621904250112,1749296621904250112.png
1749296622118906624,1749296622118906624.png
1749296622331996160,1749296622331996160.png
1749296622548242176,1749296622548242176.png
1749296622760849664,1749296622760849664.png
1749296622981967616,1749296622981967616.png
1749296623206147840,1749296623206147840.png
1749296623428965120,1749296623428965120.png
1749296623655300864,1749296623655300864.png
1749296623876353536,1749296623876353536.png
1749296624102232320,1749296624102232320.png
1749296624327580672,1749296624327580672.png
1749296624552988928,1749296624552988928.png
1749296624770240000,1749296624770240000.png
1749296624984031744,1749296624984031744.png
1749296625197110016,1749296625197110016.png
1749296625403848704,1749296625403848704.png
1749296625607142144,1749296625607142144.png
1749296625811055104,1749296625811055104.png
1749296626022014208,1749296626022014208.png
1749296626240281600,1749296626240281600.png
1749296626453816832,1749296626453816832.png
1749296626670003712,1749296626670003712.png
1749296626892502784,1749296626892502784.png
1749296627105783808,1749296627105783808.png
1749296627314099968,1749296627314099968.png
1749296627524365824,1749296627524365824.png
1749296627734669824,1749296627734669824.png
1749296627959478784,1749296627959478784.png
1749296628193802240,1749296628193802240.png
1749296628424099072,1749296628424099072.png
1749296628655842304,1749296628655842304.png
1749296628888233984,1749296628888233984.png
1749296629117605376,1749296629117605376.png
1749296629339533568,1749296629339533568.png
1749296629572524800,1749296629572524800.png
1749296629800060672,1749296629800060672.png
1749296630035161856,1749296630035161856.png
1749296630267359232,1749296630267359232.png
1749296630498996992,1749296630498996992.png
1749296630729899776,1749296630729899776.png
1749296630962646272,1749296630962646272.png
1749296631188706560,1749296631188706560.png
1749296631417987072,1749296631417987072.png
1749296631641230080,1749296631641230080.png
1749296631865297920,1749296631865297920.png
1749296632098893056,1749296632098893056.png
1749296632338732544,1749296632338732544.png
1749296632578148096,1749296632578148096.png
1749296632815330816,1749296632815330816.png
1749296633046227712,1749296633046227712.png
1749296633272194560,1749296633272194560.png
1749296633499214848,1749296633499214848.png
1749296633727404800,1749296633727404800.png
1749296633954100224,1749296633954100224.png
1749296634177588224,1749296634177588224.png
1749296634400190208,1749296634400190208.png
1749296634621775360,1749296634621775360.png
1749296634837392384,1749296634837392384.png
1749296635065885440,1749296635065885440.png
1749296635287281408,1749296635287281408.png
1749296635507801856,1749296635507801856.png
1749296635728109056,1749296635728109056.png
1749296635947881216,1749296635947881216.png
1749296636168422912,1749296636168422912.png
1749296636390544128,1749296636390544128.png
1749296636610886144,1749296636610886144.png
1749296636835585792,1749296636835585792.png
1749296637050344448,1749296637050344448.png
1749296637261452544,1749296637261452544.png
1749296637474360064,1749296637474360064.png
1749296637685178624,1749296637685178624.png
1749296637903176704,1749296637903176704.png
1749296638128839168,1749296638128839168.png
1749296638354078720,1749296638354078720.png
1749296638570392576,1749296638570392576.png
1749296638794918656,1749296638794918656.png
1749296639017102848,1749296639017102848.png
1749296639241815296,1749296639241815296.png
1749296639467694336,1749296639467694336.png
1749296639688617728,1749296639688617728.png
1749296639902444288,1749296639902444288.png
1749296640123790080,1749296640123790080.png
1749296640348872192,1749296640348872192.png
1749296640578249984,1749296640578249984.png
1749296640807960832,1749296640807960832.png
1749296641031588096,1749296641031588096.png
1749296641263155200,1749296641263155200.png
1749296641493970688,1749296641493970688.png
1749296641725422848,1749296641725422848.png
1749296641953541632,1749296641953541632.png
1749296642184856320,1749296642184856320.png
1749296642419570432,1749296642419570432.png
1749296642648802304,1749296642648802304.png
1749296642877617152,1749296642877617152.png
1749296643104489472,1749296643104489472.png
1749296643332434944,1749296643332434944.png
1749296643552525312,1749296643552525312.png
1749296643768657664,1749296643768657664.png
1749296643983895296,1749296643983895296.png
1749296644190638592,1749296644190638592.png
1749296644399318272,1749296644399318272.png
1749296644608218112,1749296644608218112.png
1749296644814822912,1749296644814822912.png
1749296645034330368,1749296645034330368.png
1749296645244176128,1749296645244176128.png
1749296645458326784,1749296645458326784.png
1749296645672356352,1749296645672356352.png
1749296645886888704,1749296645886888704.png
1749296646100145920,1749296646100145920.png
1749296646343812608,1749296646343812608.png
1749296646557608448,1749296646557608448.png
1749296646779265024,1749296646779265024.png
1749296647003953152,1749296647003953152.png
1749296647226385408,1749296647226385408.png
1749296647448880128,1749296647448880128.png
1749296647667012096,1749296647667012096.png
1749296647884219392,1749296647884219392.png
1749296648106278912,1749296648106278912.png
1749296648329239296,1749296648329239296.png
1749296648552323840,1749296648552323840.png
1749296648773548544,1749296648773548544.png
1749296648996188672,1749296648996188672.png
1749296649217280768,1749296649217280768.png
1749296649447690240,1749296649447690240.png
1749296649670052352,1749296649670052352.png
1749296649891104000,1749296649891104000.png
1749296650116880384,1749296650116880384.png
1749296650343671040,1749296650343671040.png
1749296650571757568,1749296650571757568.png
1749296650792810496,1749296650792810496.png
1749296651016748544,1749296651016748544.png
1749296651248116736,1749296651248116736.png
1749296651470541824,1749296651470541824.png
1749296651706348544,1749296651706348544.png
1749296651937828096,1749296651937828096.png
1749296652160127232,1749296652160127232.png
1749296652394177792,1749296652394177792.png
1749296652617611008,1749296652617611008.png
1749296652844421376,1749296652844421376.png
1749296653071230464,1749296653071230464.png
1749296653297350912,1749296653297350912.png
1749296653520993792,1749296653520993792.png
1749296653744043264,1749296653744043264.png
1749296653956377856,1749296653956377856.png
1749296654168330240,1749296654168330240.png
1749296654384177664,1749296654384177664.png
1749296654598713088,1749296654598713088.png
1749296654817900032,1749296654817900032.png
1749296655037676544,1749296655037676544.png
1749296655250121216,1749296655250121216.png
1749296655465860608,1749296655465860608.png
1749296655684132096,1749296655684132096.png
1749296655885705472,1749296655885705472.png
1749296656085689600,1749296656085689600.png
1749296656283907840,1749296656283907840.png
1749296656476167680,1749296656476167680.png
1749296656661038592,1749296656661038592.png
1749296656850397184,1749296656850397184.png
1749296657047056384,1749296657047056384.png
1749296657249281536,1749296657249281536.png
1749296657450003968,1749296657450003968.png
1749296657651854592,1749296657651854592.png
1749296657879246592,1749296657879246592.png
1749296658108261120,1749296658108261120.png
1749296658340621312,1749296658340621312.png
1749296658555595264,1749296658555595264.png
1749296658763308288,1749296658763308288.png
1749296658969570304,1749296658969570304.png
1749296659184344576,1749296659184344576.png
1749296659396919808,1749296659396919808.png
1749296659619024128,1749296659619024128.png
1749296659834798592,1749296659834798592.png
1749296660047951872,1749296660047951872.png
1749296660255779072,1749296660255779072.png
1749296660468661504,1749296660468661504.png
1749296660674435584,1749296660674435584.png
1749296660888056320,1749296660888056320.png
1749296661110951680,1749296661110951680.png
1749296661342072320,1749296661342072320.png
1749296661563884544,1749296661563884544.png
1749296661783129856,1749296661783129856.png
1749296662008295936,1749296662008295936.png
1749296662252689920,1749296662252689920.png
1749296662484171008,1749296662484171008.png
1749296662706704896,1749296662706704896.png
1749296662927223808,1749296662927223808.png
1749296663158735872,1749296663158735872.png
1749296663401649664,1749296663401649664.png
1749296663631288064,1749296663631288064.png
1749296663853861632,1749296663853861632.png
1749296664074782208,1749296664074782208.png
1749296664294382080,1749296664294382080.png
1749296664511503616,1749296664511503616.png
1749296664726277120,1749296664726277120.png
1749296664930104320,1749296664930104320.png
1749296665134647040,1749296665134647040.png
1749296665330244608,1749296665330244608.png
1749296665521358592,1749296665521358592.png
1749296665708841216,1749296665708841216.png
1749296665903996160,1749296665903996160.png
1749296666100524288,1749296666100524288.png
1749296666315077120,1749296666315077120.png
1749296666551270912,1749296666551270912.png
1749296666771695360,1749296666771695360.png
1749296666977897984,1749296666977897984.png
1749296667196272384,1749296667196272384.png
1749296667419764736,1749296667419764736.png
1749296667623429376,1749296667623429376.png
1749296667818129408,1749296667818129408.png
1749296668016652800,1749296668016652800.png
1749296668209540352,1749296668209540352.png
1749296668401945344,1749296668401945344.png
1749296668604020480,1749296668604020480.png
1749296668802802688,1749296668802802688.png
1749296669005198080,1749296669005198080.png
1749296669215672320,1749296669215672320.png
1749296669431092736,1749296669431092736.png
1749296669646435584,1749296669646435584.png
1749296669880505344,1749296669880505344.png
1749296670126344960,1749296670126344960.png
1749296670375665152,1749296670375665152.png
1749296670692005632,1749296670692005632.png
1749296671008197632,1749296671008197632.png
1749296671327463424,1749296671327463424.png
1749296671644781312,1749296671644781312.png
1749296671967752192,1749296671967752192.png
1749296672295068928,1749296672295068928.png
1749296672620508160,1749296672620508160.png
1749296672894562560,1749296672894562560.png
1749296673139256064,1749296673139256064.png
1749296673398568448,1749296673398568448.png
1749296673608903168,1749296673608903168.png
1749296673822665984,1749296673822665984.png
1749296674029551872,1749296674029551872.png
1749296674227120640,1749296674227120640.png
1749296674435609856,1749296674435609856.png
1749296674632753408,1749296674632753408.png
1749296674851142400,1749296674851142400.png
1749296675062492160,1749296675062492160.png
1749296675282404608,1749296675282404608.png
1749296675530292992,1749296675530292992.png
1749296675834716416,1749296675834716416.png
1749296676154454528,1749296676154454528.png
1749296676468923392,1749296676468923392.png
1749296676732136192,1749296676732136192.png
1749296676960645376,1749296676960645376.png
1749296677211940864,1749296677211940864.png
1749296677436225792,1749296677436225792.png
1749296677657656576,1749296677657656576.png
1749296677864798208,1749296677864798208.png
1749296678069778688,1749296678069778688.png
1749296678283294976,1749296678283294976.png
1749296678499344640,1749296678499344640.png
1749296678716519936,1749296678716519936.png
1749296678927492096,1749296678927492096.png
1749296679137281792,1749296679137281792.png
1749296679354501120,1749296679354501120.png
1749296679565460480,1749296679565460480.png
1749296679770473728,1749296679770473728.png
1749296679971860224,1749296679971860224.png
1749296680166010112,1749296680166010112.png
1749296680361999872,1749296680361999872.png
1749296680561139456,1749296680561139456.png
1749296680759650304,1749296680759650304.png
1749296680959195648,1749296680959195648.png
1749296681152456704,1749296681152456704.png
1749296681349573120,1749296681349573120.png
1749296681544007936,1749296681544007936.png
1749296681739013632,1749296681739013632.png
1749296681932638208,1749296681932638208.png
1749296682125609216,1749296682125609216.png
1749296682318508544,1749296682318508544.png
1749296682514304512,1749296682514304512.png
1749296682710515712,1749296682710515712.png
1749296682903813632,1749296682903813632.png
1749296683100122624,1749296683100122624.png
1749296683300393216,1749296683300393216.png
1749296683506663168,1749296683506663168.png
1749296683713714176,1749296683713714176.png
1749296683913014528,1749296683913014528.png
1749296684110785024,1749296684110785024.png
1749296684300730368,1749296684300730368.png
1749296684488144384,1749296684488144384.png
1749296684672376832,1749296684672376832.png
1749296684861804544,1749296684861804544.png
1749296685052263424,1749296685052263424.png
1749296685244788224,1749296685244788224.png
1749296685440007936,1749296685440007936.png
1749296685637278208,1749296685637278208.png
1749296685836941056,1749296685836941056.png
1749296686036611328,1749296686036611328.png
1749296686240006656,1749296686240006656.png
1749296686444772096,1749296686444772096.png
1749296686656106496,1749296686656106496.png
1749296686879164160,1749296686879164160.png
1749296687108741376,1749296687108741376.png
1749296687330454272,1749296687330454272.png
1749296687540005632,1749296687540005632.png
1749296687759030016,1749296687759030016.png
1749296687972856320,1749296687972856320.png
1749296688184789760,1749296688184789760.png
1749296688392192512,1749296688392192512.png
1749296688594572544,1749296688594572544.png
1749296688800676608,1749296688800676608.png
1749296689003779840,1749296689003779840.png
1749296689211495936,1749296689211495936.png
1749296689419054336,1749296689419054336.png
1749296689626913792,1749296689626913792.png
1749296689841008128,1749296689841008128.png
1749296690058282240,1749296690058282240.png
1749296690265157376,1749296690265157376.png
1749296690475134720,1749296690475134720.png
1749296690683073792,1749296690683073792.png
1749296690894666240,1749296690894666240.png
1749296691107197440,1749296691107197440.png
1749296691320358144,1749296691320358144.png
1749296691535950592,1749296691535950592.png
1749296691757315328,1749296691757315328.png
1749296691978672640,1749296691978672640.png
1749296692211665408,1749296692211665408.png
1749296692431606784,1749296692431606784.png
1749296692632415744,1749296692632415744.png
1749296692834234368,1749296692834234368.png
1749296693042129920,1749296693042129920.png
1749296693268514048,1749296693268514048.png
1749296693490244096,1749296693490244096.png
1749296693699571456,1749296693699571456.png
1749296693904641536,1749296693904641536.png
1749296694118359552,1749296694118359552.png
1749296694336962816,1749296694336962816.png
1749296694565347584,1749296694565347584.png
1749296694777722624,1749296694777722624.png
1749296694990923520,1749296694990923520.png
1749296695230549760,1749296695230549760.png
1749296695455491328,1749296695455491328.png
1749296695671251456,1749296695671251456.png
1749296695897854976,1749296695897854976.png
1749296696116983552,1749296696116983552.png
1749296696331676416,1749296696331676416.png
1749296696549655296,1749296696549655296.png
1749296696764435968,1749296696764435968.png
1749296696983241472,1749296696983241472.png
1749296697218386432,1749296697218386432.png
1749296697443135744,1749296697443135744.png
1749296697666877696,1749296697666877696.png
1749296697887487232,1749296697887487232.png
1749296698113061120,1749296698113061120.png
1749296698343135744,1749296698343135744.png
1749296698577586432,1749296698577586432.png
1749296698869150464,1749296698869150464.png
1749296699128867840,1749296699128867840.png
1749296699412364288,1749296699412364288.png
1749296699691254528,1749296699691254528.png
1749296699935640576,1749296699935640576.png
1749296700190977024,1749296700190977024.png
1749296700441790464,1749296700441790464.png
1749296700698779904,1749296700698779904.png
1749296700968446208,1749296700968446208.png
1749296701233436416,1749296701233436416.png
1749296701499116544,1749296701499116544.png
1749296701769242368,1749296701769242368.png
1749296702033491712,1749296702033491712.png
1749296702296498944,1749296702296498944.png
1749296702563670016,1749296702563670016.png
1749296702833143552,1749296702833143552.png
1749296703099576576,1749296703099576576.png
1749296703371588096,1749296703371588096.png
1749296703646451200,1749296703646451200.png
1749296703910376704,1749296703910376704.png
1749296704172815104,1749296704172815104.png
1749296704463782656,1749296704463782656.png
1749296704729417728,1749296704729417728.png
1749296705006392320,1749296705006392320.png
1749296705273911296,1749296705273911296.png
1749296705538607616,1749296705538607616.png
1749296705800669184,1749296705800669184.png
1749296706066315264,1749296706066315264.png
1749296706320937472,1749296706320937472.png
1749296706575465472,1749296706575465472.png
1749296706830760192,1749296706830760192.png
1749296707088661504,1749296707088661504.png
1749296707350025984,1749296707350025984.png
1749296707603192576,1749296707603192576.png
1749296707859938048,1749296707859938048.png
1749296708119578880,1749296708119578880.png
1749296708362138624,1749296708362138624.png
1749296708598411264,1749296708598411264.png
1749296708845346560,1749296708845346560.png
1749296709080757760,1749296709080757760.png
1749296709314042368,1749296709314042368.png
1749296709540669184,1749296709540669184.png
1749296709760462080,1749296709760462080.png
1749296709988614912,1749296709988614912.png
1749296710212402176,1749296710212402176.png
1749296710432444160,1749296710432444160.png
1749296710648818688,1749296710648818688.png
1749296710876660224,1749296710876660224.png
1749296711100137472,1749296711100137472.png
1749296711327300608,1749296711327300608.png
1749296711562679552,1749296711562679552.png
1749296711795195392,1749296711795195392.png
1749296712012100352,1749296712012100352.png
1749296712235480320,1749296712235480320.png
1749296712455066368,1749296712455066368.png
1749296712673028096,1749296712673028096.png
1749296712877085952,1749296712877085952.png
1749296713080477184,1749296713080477184.png
1749296713284532224,1749296713284532224.png
1749296713482427648,1749296713482427648.png
1749296713723831040,1749296713723831040.png
1749296713926565632,1749296713926565632.png
1749296714123070208,1749296714123070208.png
1749296714321880064,1749296714321880064.png
1749296714523646464,1749296714523646464.png
1749296714729133568,1749296714729133568.png
1749296714941656832,1749296714941656832.png
1749296715153852672,1749296715153852672.png
1749296715362860800,1749296715362860800.png
1749296715586594304,1749296715586594304.png
1749296715799204864,1749296715799204864.png
1749296716019804672,1749296716019804672.png
1749296716244225024,1749296716244225024.png
1749296716469026048,1749296716469026048.png
1749296716682749952,1749296716682749952.png
1749296716899577088,1749296716899577088.png
1749296717131369728,1749296717131369728.png
1749296717367507712,1749296717367507712.png
1749296717601135360,1749296717601135360.png
1749296717833820416,1749296717833820416.png
1749296718071728896,1749296718071728896.png
1749296718304765440,1749296718304765440.png
1749296718541959680,1749296718541959680.png
1749296718767180544,1749296718767180544.png
1749296718989910528,1749296718989910528.png
1749296719201027840,1749296719201027840.png
1749296719415331584,1749296719415331584.png
1749296719622524160,1749296719622524160.png
1749296719828397056,1749296719828397056.png
1749296720035322112,1749296720035322112.png
1749296720249329920,1749296720249329920.png
1749296720463632128,1749296720463632128.png
1749296720674758656,1749296720674758656.png
1749296720888769536,1749296720888769536.png
1749296721102920192,1749296721102920192.png
1749296721375751424,1749296721375751424.png
1749296721694356224,1749296721694356224.png
1749296721979755264,1749296721979755264.png
1749296722252708352,1749296722252708352.png
1749296722484439296,1749296722484439296.png
1749296722706760960,1749296722706760960.png
1749296722919891456,1749296722919891456.png
1749296723136886016,1749296723136886016.png
1749296723378359296,1749296723378359296.png
1749296723630928896,1749296723630928896.png
1749296723862319360,1749296723862319360.png
1749296724073494016,1749296724073494016.png
1749296724287761920,1749296724287761920.png
1749296724488980736,1749296724488980736.png
1749296724694477312,1749296724694477312.png
1749296724891960832,1749296724891960832.png
1749296725096517888,1749296725096517888.png
1749296725305488128,1749296725305488128.png
1749296725507998720,1749296725507998720.png
1749296725715302912,1749296725715302912.png
1749296725922681088,1749296725922681088.png
1749296726126988032,1749296726126988032.png
1749296726327424000,1749296726327424000.png
1749296726536575488,1749296726536575488.png
1749296726751182848,1749296726751182848.png
1749296726957958144,1749296726957958144.png
1749296727162068736,1749296727162068736.png
1749296727367202304,1749296727367202304.png
1749296727571519232,1749296727571519232.png
1749296727771008256,1749296727771008256.png
1749296727973115648,1749296727973115648.png
1749296728173296640,1749296728173296640.png
1749296728372290816,1749296728372290816.png
1749296728567429888,1749296728567429888.png
1749296728773831168,1749296728773831168.png
1749296728987683072,1749296728987683072.png
1749296729210981888,1749296729210981888.png
1749296729434062848,1749296729434062848.png
1749296729652379648,1749296729652379648.png
1749296729864823040,1749296729864823040.png
1749296730077138944,1749296730077138944.png
1749296730283453440,1749296730283453440.png
1749296730489561344,1749296730489561344.png
1749296730702432512,1749296730702432512.png
1749296730912098560,1749296730912098560.png
1749296731122953216,1749296731122953216.png
1749296731334234624,1749296731334234624.png
1749296731547523072,1749296731547523072.png
1749296731759777024,1749296731759777024.png
1749296731975545344,1749296731975545344.png
1749296732198957056,1749296732198957056.png
1749296732419479808,1749296732419479808.png
1749296732635985920,1749296732635985920.png
1749296732856081920,1749296732856081920.png
1749296733076072704,1749296733076072704.png
1749296733296414976,1749296733296414976.png
1749296733527176704,1749296733527176704.png
1749296733741757952,1749296733741757952.png
1749296733957175808,1749296733957175808.png
1749296734172212224,1749296734172212224.png
1749296734385712128,1749296734385712128.png
1749296734600344576,1749296734600344576.png
1749296734819704064,1749296734819704064.png
1749296735022258176,1749296735022258176.png
1749296735224155136,1749296735224155136.png
1749296735424130816,1749296735424130816.png
1749296735635080192,1749296735635080192.png
1749296735844432384,1749296735844432384.png
1749296736054136832,1749296736054136832.png
1749296736259361792,1749296736259361792.png
1749296736461642240,1749296736461642240.png
1749296736661483264,1749296736661483264.png
1749296736865321472,1749296736865321472.png
1749296737067543552,1749296737067543552.png
1749296737272748800,1749296737272748800.png
1749296737480410880,1749296737480410880.png
1749296737683200000,1749296737683200000.png
1749296737889795072,1749296737889795072.png
1749296738097506560,1749296738097506560.png
1749296738299201536,1749296738299201536.png
1749296738502743552,1749296738502743552.png
1749296738705035520,1749296738705035520.png
1749296738906073088,1749296738906073088.png
1749296739106169856,1749296739106169856.png
1749296739312006400,1749296739312006400.png
1749296739515995392,1749296739515995392.png
1749296739731168768,1749296739731168768.png
1749296739936050944,1749296739936050944.png
1749296740141782272,1749296740141782272.png
1749296740336817920,1749296740336817920.png
1749296740532502272,1749296740532502272.png
1749296740728748288,1749296740728748288.png
1749296740925328896,1749296740925328896.png
1749296741119044096,1749296741119044096.png
1749296741311120128,1749296741311120128.png
1749296741503217152,1749296741503217152.png
1749296741696263168,1749296741696263168.png
1749296741895972864,1749296741895972864.png
1749296742090676736,1749296742090676736.png
1749296742296233472,1749296742296233472.png
1749296742507281408,1749296742507281408.png
1749296742718251008,1749296742718251008.png
1749296742928860416,1749296742928860416.png
1749296743138733312,1749296743138733312.png
1749296743340892928,1749296743340892928.png
1749296743539441408,1749296743539441408.png
1749296743749540608,1749296743749540608.png
1749296743957157120,1749296743957157120.png
1749296744160355584,1749296744160355584.png
1749296744365133568,1749296744365133568.png
1749296744572298752,1749296744572298752.png
1749296744779943936,1749296744779943936.png
1749296744987923968,1749296744987923968.png
1749296745189645568,1749296745189645568.png
1749296745390354688,1749296745390354688.png
1749296745584949760,1749296745584949760.png
1749296745779393536,1749296745779393536.png
1749296745981521152,1749296745981521152.png
1749296746189797632,1749296746189797632.png
1749296746394718208,1749296746394718208.png
1749296746586769664,1749296746586769664.png
1749296746775769344,1749296746775769344.png
1749296746964718848,1749296746964718848.png
1749296747155978240,1749296747155978240.png
1749296747351240704,1749296747351240704.png
1749296747539505408,1749296747539505408.png
1749296747730526720,1749296747730526720.png
1749296747920856320,1749296747920856320.png
1749296748114196736,1749296748114196736.png
1749296748298966272,1749296748298966272.png
1749296748488546048,1749296748488546048.png
1749296748684807168,1749296748684807168.png
1749296748886998528,1749296748886998528.png
1749296749096718848,1749296749096718848.png
1749296749310646272,1749296749310646272.png
1749296749522557696,1749296749522557696.png
1749296749733410048,1749296749733410048.png
1749296749949481728,1749296749949481728.png
1749296750168800000,1749296750168800000.png
1749296750382659840,1749296750382659840.png
1749296750589726464,1749296750589726464.png
1749296750799066112,1749296750799066112.png
1749296751007730176,1749296751007730176.png
1749296751225804032,1749296751225804032.png
1749296751440834048,1749296751440834048.png
1749296751666749696,1749296751666749696.png
1749296751889772032,1749296751889772032.png
1749296752119176192,1749296752119176192.png
1749296752353105408,1749296752353105408.png
1749296752580868096,1749296752580868096.png
1749296752814163456,1749296752814163456.png
1749296753061097984,1749296753061097984.png
1749296753297256960,1749296753297256960.png
1749296753531049216,1749296753531049216.png
1749296753770995712,1749296753770995712.png
1749296754014032896,1749296754014032896.png
1749296754255661312,1749296754255661312.png
1749296754491620096,1749296754491620096.png
1749296754728080384,1749296754728080384.png
1749296754965144064,1749296754965144064.png
1749296755200590336,1749296755200590336.png
1749296755426143232,1749296755426143232.png
1749296755646601728,1749296755646601728.png
1749296755866625024,1749296755866625024.png
1749296756093809152,1749296756093809152.png
1749296756316285440,1749296756316285440.png
1749296756546726144,1749296756546726144.png
1749296756772821248,1749296756772821248.png
1749296757001429760,1749296757001429760.png
1749296757228872960,1749296757228872960.png
1749296757448414464,1749296757448414464.png
1749296757666401536,1749296757666401536.png
1749296757884803584,1749296757884803584.png
1749296758100339200,1749296758100339200.png
1749296758317853184,1749296758317853184.png
1749296758531995904,1749296758531995904.png
1749296758746048256,1749296758746048256.png
1749296758959360000,1749296758959360000.png
1749296759172387072,1749296759172387072.png
1749296759384244480,1749296759384244480.png
1749296759597610752,1749296759597610752.png
1749296759811455488,1749296759811455488.png
1749296760024672768,1749296760024672768.png
1749296760249627136,1749296760249627136.png
1749296760475411200,1749296760475411200.png
1749296760700016896,1749296760700016896.png
1749296760918122240,1749296760918122240.png
1749296761138499840,1749296761138499840.png
1749296761359018240,1749296761359018240.png
1749296761575076864,1749296761575076864.png
1749296761796650496,1749296761796650496.png
1749296762015786240,1749296762015786240.png
1749296762234641152,1749296762234641152.png
1749296762455948544,1749296762455948544.png
1749296762672212224,1749296762672212224.png
1749296762893060608,1749296762893060608.png
1749296763110144256,1749296763110144256.png
1749296763326678784,1749296763326678784.png
1749296763546536960,1749296763546536960.png
1749296763764727296,1749296763764727296.png
1749296763983110912,1749296763983110912.png
1749296764198615808,1749296764198615808.png
1749296764409690624,1749296764409690624.png
1749296764623524096,1749296764623524096.png
1749296764838281728,1749296764838281728.png
1749296765043928832,1749296765043928832.png
1749296765246964992,1749296765246964992.png
1749296765462286848,1749296765462286848.png
1749296765677292288,1749296765677292288.png
1749296765889389568,1749296765889389568.png
1749296766098354176,1749296766098354176.png
1749296766313676288,1749296766313676288.png
1749296766527960576,1749296766527960576.png
1749296766738312960,1749296766738312960.png
1749296766949341952,1749296766949341952.png
1749296767160167936,1749296767160167936.png
1749296767371685376,1749296767371685376.png
1749296767603124736,1749296767603124736.png
1749296767836275712,1749296767836275712.png
1749296768062835456,1749296768062835456.png
1749296768266254848,1749296768266254848.png
1749296768469201664,1749296768469201664.png
1749296768672432896,1749296768672432896.png
1749296768884826368,1749296768884826368.png
1749296769097215744,1749296769097215744.png
1749296769296468736,1749296769296468736.png
1749296769495165184,1749296769495165184.png
1749296769699580672,1749296769699580672.png
1749296769908377344,1749296769908377344.png
1749296770124336384,1749296770124336384.png
1749296770338577664,1749296770338577664.png
1749296770544260608,1749296770544260608.png
1749296770750180096,1749296770750180096.png
1749296770961627648,1749296770961627648.png
1749296771176837888,1749296771176837888.png
1749296771398741504,1749296771398741504.png
1749296771620076288,1749296771620076288.png
1749296771842044160,1749296771842044160.png
1749296772064654080,1749296772064654080.png
1749296772285190144,1749296772285190144.png
1749296772499698944,1749296772499698944.png
1749296772724044800,1749296772724044800.png
1749296772949225216,1749296772949225216.png
1749296773171238400,1749296773171238400.png
1749296773402245376,1749296773402245376.png
1749296773651884800,1749296773651884800.png
1749296773904266752,1749296773904266752.png
1749296774130852352,1749296774130852352.png
1749296774353355520,1749296774353355520.png
1749296774571109120,1749296774571109120.png
1749296774788784384,1749296774788784384.png
1749296775003553792,1749296775003553792.png
1749296775224957952,1749296775224957952.png
1749296775442966784,1749296775442966784.png
1749296775662412032,1749296775662412032.png
1749296775875395840,1749296775875395840.png
1749296776085188608,1749296776085188608.png
1749296776299456256,1749296776299456256.png
1749296776513620480,1749296776513620480.png
1749296776723376896,1749296776723376896.png
1749296776929881088,1749296776929881088.png
1749296777136737792,1749296777136737792.png
1749296777347257600,1749296777347257600.png
1749296777560280320,1749296777560280320.png
1749296777765849856,1749296777765849856.png
1749296778027780608,1749296778027780608.png
1749296778235364352,1749296778235364352.png
1749296778437348352,1749296778437348352.png
1749296778643968256,1749296778643968256.png
1749296778858163712,1749296778858163712.png
1749296779071013632,1749296779071013632.png
1749296779280500224,1749296779280500224.png
1749296779489831680,1749296779489831680.png
1749296779701712896,1749296779701712896.png
1749296779920420864,1749296779920420864.png
1749296780141568256,1749296780141568256.png
1749296780361194240,1749296780361194240.png
1749296780584153344,1749296780584153344.png
1749296780809155072,1749296780809155072.png
1749296781033674496,1749296781033674496.png
1749296781255834368,1749296781255834368.png
1749296781472617216,1749296781472617216.png
1749296781689904896,1749296781689904896.png
1749296781901647360,1749296781901647360.png
1749296782115349504,1749296782115349504.png
1749296782330466304,1749296782330466304.png
1749296782540872704,1749296782540872704.png
1749296782751334400,1749296782751334400.png
1749296782963202560,1749296782963202560.png
1749296783176738048,1749296783176738048.png
1749296783378419712,1749296783378419712.png
1749296783582499328,1749296783582499328.png
1749296783790291456,1749296783790291456.png
1749296784004289280,1749296784004289280.png
1749296784203575808,1749296784203575808.png
1749296784402154240,1749296784402154240.png
1749296784600442624,1749296784600442624.png
1749296784813511424,1749296784813511424.png
1749296785021667072,1749296785021667072.png
1749296785237679360,1749296785237679360.png
1749296785457170432,1749296785457170432.png
1749296785671240448,1749296785671240448.png
1749296785891702784,1749296785891702784.png
1749296786110517504,1749296786110517504.png
1749296786329717504,1749296786329717504.png
1749296786551923200,1749296786551923200.png
1749296786776209664,1749296786776209664.png
1749296787005442304,1749296787005442304.png
1749296787230752000,1749296787230752000.png
1749296787468394496,1749296787468394496.png
1749296787692689920,1749296787692689920.png
1749296787915141632,1749296787915141632.png
1749296788140254464,1749296788140254464.png
1749296788357131264,1749296788357131264.png
1749296788575863040,1749296788575863040.png
1749296788798436352,1749296788798436352.png
1749296789021229056,1749296789021229056.png
1749296789239502080,1749296789239502080.png
1749296789461665024,1749296789461665024.png
1749296789690610688,1749296789690610688.png
1749296789920104704,1749296789920104704.png
1749296790151235328,1749296790151235328.png
1749296790378008064,1749296790378008064.png
1749296790605982208,1749296790605982208.png
1749296790830672896,1749296790830672896.png
1749296791050867456,1749296791050867456.png
1749296791282962944,1749296791282962944.png
1749296791502275072,1749296791502275072.png
1749296791725534464,1749296791725534464.png
1749296791947912960,1749296791947912960.png
1749296792167822080,1749296792167822080.png
1749296792385215488,1749296792385215488.png
1749296792602497536,1749296792602497536.png
1749296792820006656,1749296792820006656.png
1749296793038111232,1749296793038111232.png
1749296793255318784,1749296793255318784.png
1749296793468626944,1749296793468626944.png
1749296793682892544,1749296793682892544.png
1749296793896640256,1749296793896640256.png
1749296794108945152,1749296794108945152.png
1749296794319748096,1749296794319748096.png
1749296794530594816,1749296794530594816.png
1749296794743348736,1749296794743348736.png
1749296794956246016,1749296794956246016.png
1749296795174716928,1749296795174716928.png
1749296795392783616,1749296795392783616.png
1749296795608549632,1749296795608549632.png
1749296795827704064,1749296795827704064.png
1749296796051739392,1749296796051739392.png
1749296796273481472,1749296796273481472.png
1749296796502389504,1749296796502389504.png
1749296796735646464,1749296796735646464.png
1749296796969419520,1749296796969419520.png
1749296797195644672,1749296797195644672.png
1749296797421488384,1749296797421488384.png
1749296797652285440,1749296797652285440.png
1749296797872827392,1749296797872827392.png
1749296798091689472,1749296798091689472.png
1749296798307836928,1749296798307836928.png
1749296798523376640,1749296798523376640.png
1749296798730336256,1749296798730336256.png
1749296798932580352,1749296798932580352.png
1749296799134465280,1749296799134465280.png
1749296799331981568,1749296799331981568.png
1749296799532506624,1749296799532506624.png
1749296799733500416,1749296799733500416.png
1749296799935009024,1749296799935009024.png
1749296800132253184,1749296800132253184.png
1749296800340352768,1749296800340352768.png
1749296800539695360,1749296800539695360.png
1749296800738038784,1749296800738038784.png
1749296800938886912,1749296800938886912.png
1749296801133873920,1749296801133873920.png
1749296801334392064,1749296801334392064.png
1749296801534213888,1749296801534213888.png
1749296801736519680,1749296801736519680.png
1749296801931885312,1749296801931885312.png
1749296802132513792,1749296802132513792.png
1749296802334136832,1749296802334136832.png
1749296802531577344,1749296802531577344.png
1749296802735263232,1749296802735263232.png
1749296802937407744,1749296802937407744.png
1749296803138053120,1749296803138053120.png
1749296803336002560,1749296803336002560.png
1749296803529114368,1749296803529114368.png
1749296803730779904,1749296803730779904.png
1749296803946301696,1749296803946301696.png
1749296804157148672,1749296804157148672.png
1749296804369149440,1749296804369149440.png
1749296804582921728,1749296804582921728.png
1749296804791207168,1749296804791207168.png
1749296805001521664,1749296805001521664.png
1749296805207080960,1749296805207080960.png
1749296805412034304,1749296805412034304.png
1749296805621413376,1749296805621413376.png
1749296805841557248,1749296805841557248.png
1749296806059362560,1749296806059362560.png
1749296806271467776,1749296806271467776.png
1749296806487671296,1749296806487671296.png
1749296806706240000,1749296806706240000.png
1749296806917581312,1749296806917581312.png
1749296807132461312,1749296807132461312.png
1749296807345173504,1749296807345173504.png
1749296807552322048,1749296807552322048.png
1749296807760402176,1749296807760402176.png
1749296807966589952,1749296807966589952.png
1749296808172081920,1749296808172081920.png
1749296808400193792,1749296808400193792.png
1749296808620931584,1749296808620931584.png
1749296808829269248,1749296808829269248.png
1749296809039481856,1749296809039481856.png
1749296809247876352,1749296809247876352.png
1749296809454819840,1749296809454819840.png
1749296809660717824,1749296809660717824.png
1749296809866045184,1749296809866045184.png
1749296810074377728,1749296810074377728.png
1749296810282103552,1749296810282103552.png
1749296810488911872,1749296810488911872.png
1749296810700555520,1749296810700555520.png
1749296810906215680,1749296810906215680.png
1749296811113008640,1749296811113008640.png
1749296811323013120,1749296811323013120.png
1749296811534971392,1749296811534971392.png
1749296811732982016,1749296811732982016.png
1749296811935194624,1749296811935194624.png
1749296812133856000,1749296812133856000.png
1749296812337089792,1749296812337089792.png
1749296812539488256,1749296812539488256.png
1749296812739803392,1749296812739803392.png
1749296812953125888,1749296812953125888.png
1749296813170573824,1749296813170573824.png
1749296813386130688,1749296813386130688.png
1749296813602430208,1749296813602430208.png
1749296813822438400,1749296813822438400.png
1749296814041924096,1749296814041924096.png
1749296814258823168,1749296814258823168.png
1749296814472210432,1749296814472210432.png
1749296814691185152,1749296814691185152.png
1749296814913422592,1749296814913422592.png
1749296815130711808,1749296815130711808.png
1749296815346659072,1749296815346659072.png
1749296815561704192,1749296815561704192.png
1749296815774275840,1749296815774275840.png
1749296815978952192,1749296815978952192.png
1749296816183378432,1749296816183378432.png
1749296816387505920,1749296816387505920.png
1749296816588513536,1749296816588513536.png
1749296816786458112,1749296816786458112.png
1749296816991182592,1749296816991182592.png
1749296817205173760,1749296817205173760.png
1749296817417064448,1749296817417064448.png
1749296817632729600,1749296817632729600.png
1749296817847240960,1749296817847240960.png
1749296818049361408,1749296818049361408.png
1749296818263100416,1749296818263100416.png
1749296818486320896,1749296818486320896.png
1749296818702120448,1749296818702120448.png
1749296818916361216,1749296818916361216.png
1749296819133924352,1749296819133924352.png
1749296819351033344,1749296819351033344.png
1749296819561097728,1749296819561097728.png
1749296819765107712,1749296819765107712.png
1749296819973880576,1749296819973880576.png
1749296820178333952,1749296820178333952.png
1749296820372265728,1749296820372265728.png
1749296820560857344,1749296820560857344.png
1749296820750085632,1749296820750085632.png
1749296820942345472,1749296820942345472.png
1749296821131228160,1749296821131228160.png
1749296821328620032,1749296821328620032.png
1749296821539543808,1749296821539543808.png
1749296821749316864,1749296821749316864.png
1749296821955275008,1749296821955275008.png
1749296822160133888,1749296822160133888.png
1749296822362544384,1749296822362544384.png
1749296822572718848,1749296822572718848.png
1749296822782487552,1749296822782487552.png
1749296822988558080,1749296822988558080.png
1749296823196747008,1749296823196747008.png
1749296823405749248,1749296823405749248.png
1749296823615144704,1749296823615144704.png
1749296823821964544,1749296823821964544.png
1749296824030142208,1749296824030142208.png
1749296824233854208,1749296824233854208.png
1749296824444090880,1749296824444090880.png
1749296824655201024,1749296824655201024.png
1749296824870782464,1749296824870782464.png
1749296825087884544,1749296825087884544.png
1749296825300218624,1749296825300218624.png
1749296825511506176,1749296825511506176.png
1749296825712727808,1749296825712727808.png
1749296825929569280,1749296825929569280.png
1749296826143183360,1749296826143183360.png
1749296826357381888,1749296826357381888.png
1749296826571915776,1749296826571915776.png
1749296826791176960,1749296826791176960.png
1749296827008547584,1749296827008547584.png
1749296827227858688,1749296827227858688.png
1749296827436157440,1749296827436157440.png
1749296827643900160,1749296827643900160.png
1749296827855929088,1749296827855929088.png
1749296828070733568,1749296828070733568.png
1749296828279221760,1749296828279221760.png
1749296828493043456,1749296828493043456.png
1749296828709345280,1749296828709345280.png
1749296828932122368,1749296828932122368.png
1749296829147289088,1749296829147289088.png
1749296829364115712,1749296829364115712.png
1749296829585489152,1749296829585489152.png
1749296829802737920,1749296829802737920.png
1749296830023869440,1749296830023869440.png
1749296830240691200,1749296830240691200.png
1749296830462885888,1749296830462885888.png
1749296830685487104,1749296830685487104.png
1749296830904539648,1749296830904539648.png
1749296831128423680,1749296831128423680.png
1749296831347609856,1749296831347609856.png
1749296831572872960,1749296831572872960.png
1749296831799207168,1749296831799207168.png
1749296832024743168,1749296832024743168.png
1749296832255355648,1749296832255355648.png
1749296832490526208,1749296832490526208.png
1749296832718196224,1749296832718196224.png
1749296832940823040,1749296832940823040.png
1749296833167912960,1749296833167912960.png
1749296833391492608,1749296833391492608.png
1749296833619839744,1749296833619839744.png
1749296833851897088,1749296833851897088.png
1749296834075692544,1749296834075692544.png
1749296834300067840,1749296834300067840.png
1749296834527480320,1749296834527480320.png
1749296834752425216,1749296834752425216.png
1749296834971056640,1749296834971056640.png
1749296835189532160,1749296835189532160.png
1749296835412450048,1749296835412450048.png
1749296835634874880,1749296835634874880.png
1749296835859448064,1749296835859448064.png
1749296836085603328,1749296836085603328.png
1749296836306504192,1749296836306504192.png
1749296836533539072,1749296836533539072.png
1749296836752880640,1749296836752880640.png
1749296836969262336,1749296836969262336.png
1749296837183475200,1749296837183475200.png
1749296837403363072,1749296837403363072.png
1749296837619920640,1749296837619920640.png
1749296837834632704,1749296837834632704.png
1749296838051430400,1749296838051430400.png
1749296838265890048,1749296838265890048.png
1749296838478449664,1749296838478449664.png
1749296838684861952,1749296838684861952.png
1749296838893059840,1749296838893059840.png
1749296839098122496,1749296839098122496.png
1749296839298347264,1749296839298347264.png
1749296839500057344,1749296839500057344.png
1749296839699881728,1749296839699881728.png
1749296839901733376,1749296839901733376.png
1749296840101718784,1749296840101718784.png
1749296840304696320,1749296840304696320.png
1749296840511569408,1749296840511569408.png
1749296840722377216,1749296840722377216.png
1749296840932754432,1749296840932754432.png
1749296841146333952,1749296841146333952.png
1749296841361372416,1749296841361372416.png
1749296841578998016,1749296841578998016.png
1749296841792111104,1749296841792111104.png
1749296842059433984,1749296842059433984.png
1749296842271115520,1749296842271115520.png
1749296842494778368,1749296842494778368.png
1749296842713417216,1749296842713417216.png
1749296842923829248,1749296842923829248.png
1749296843140140800,1749296843140140800.png
1749296843343048960,1749296843343048960.png
1749296843555436544,1749296843555436544.png
1749296843767428096,1749296843767428096.png
1749296843984124160,1749296843984124160.png
1749296844198826496,1749296844198826496.png
1749296844403042560,1749296844403042560.png
1749296844610352896,1749296844610352896.png
1749296844814654976,1749296844814654976.png
1749296845021103616,1749296845021103616.png
1749296845231624192,1749296845231624192.png
1749296845441318144,1749296845441318144.png
1749296845657515264,1749296845657515264.png
1749296845872021760,1749296845872021760.png
1749296846083874560,1749296846083874560.png
1749296846297178368,1749296846297178368.png
1749296846508717312,1749296846508717312.png
1749296846721583104,1749296846721583104.png
1749296846933375488,1749296846933375488.png
1749296847149025536,1749296847149025536.png
1749296847358597120,1749296847358597120.png
1749296847565000192,1749296847565000192.png
1749296847776121600,1749296847776121600.png
1749296847984138496,1749296847984138496.png
1749296848191031552,1749296848191031552.png
1749296848398235136,1749296848398235136.png
1749296848607090176,1749296848607090176.png
1749296848818416640,1749296848818416640.png
1749296849032718080,1749296849032718080.png
1749296849250288384,1749296849250288384.png
1749296849470035200,1749296849470035200.png
1749296849689947648,1749296849689947648.png
1749296849909699840,1749296849909699840.png
1749296850130640384,1749296850130640384.png
1749296850348677120,1749296850348677120.png
1749296850567179520,1749296850567179520.png
1749296850787757568,1749296850787757568.png
1749296851002959872,1749296851002959872.png
1749296851217008896,1749296851217008896.png
1749296851432644096,1749296851432644096.png
1749296851646128384,1749296851646128384.png
1749296851856977920,1749296851856977920.png
1749296852063528192,1749296852063528192.png
1749296852276812800,1749296852276812800.png
1749296852494249984,1749296852494249984.png
1749296852709110784,1749296852709110784.png
1749296852923661056,1749296852923661056.png
1749296853147194368,1749296853147194368.png
1749296853366807040,1749296853366807040.png
1749296853585776128,1749296853585776128.png
1749296853794725632,1749296853794725632.png
1749296854013380352,1749296854013380352.png
1749296854247060480,1749296854247060480.png
1749296854470783232,1749296854470783232.png
1749296854694641408,1749296854694641408.png
1749296854916552192,1749296854916552192.png
1749296855144185600,1749296855144185600.png
1749296855362006016,1749296855362006016.png
1749296855586099456,1749296855586099456.png
1749296855803174656,1749296855803174656.png
1749296856022357248,1749296856022357248.png
1749296856241754880,1749296856241754880.png
1749296856458822912,1749296856458822912.png
1749296856675465472,1749296856675465472.png
1749296856889953536,1749296856889953536.png
1749296857105594624,1749296857105594624.png
1749296857321916928,1749296857321916928.png
1749296857535238912,1749296857535238912.png
1749296857745070592,1749296857745070592.png
1749296857956792320,1749296857956792320.png
1749296858168525056,1749296858168525056.png
1749296858377657344,1749296858377657344.png
1749296858587952896,1749296858587952896.png
1749296858793705216,1749296858793705216.png
1749296858998788864,1749296858998788864.png
1749296859203905280,1749296859203905280.png
1749296859408801024,1749296859408801024.png
1749296859609664000,1749296859609664000.png
1749296859808550400,1749296859808550400.png
1749296860009632256,1749296860009632256.png
1749296860216582400,1749296860216582400.png
1749296860423277056,1749296860423277056.png
1749296860633402112,1749296860633402112.png
1749296860853189888,1749296860853189888.png
1749296861074512128,1749296861074512128.png
1749296861289669632,1749296861289669632.png
1749296861503945728,1749296861503945728.png
1749296861717933312,1749296861717933312.png
1749296861938007296,1749296861938007296.png
1749296862153593088,1749296862153593088.png
1749296862370161920,1749296862370161920.png
1749296862580101376,1749296862580101376.png
1749296862791833600,1749296862791833600.png
1749296862999891456,1749296862999891456.png
1749296863204242944,1749296863204242944.png
1749296863403937792,1749296863403937792.png
1749296863598507264,1749296863598507264.png
1749296863795200000,1749296863795200000.png
1749296863989897984,1749296863989897984.png
1749296864190533120,1749296864190533120.png
1749296864394739968,1749296864394739968.png
1749296864606186240,1749296864606186240.png
1749296864811901184,1749296864811901184.png
1749296865024568832,1749296865024568832.png
1749296865241224448,1749296865241224448.png
1749296865458395392,1749296865458395392.png
1749296865673582848,1749296865673582848.png
1749296865888359936,1749296865888359936.png
1749296866102354176,1749296866102354176.png
1749296866324142592,1749296866324142592.png
1749296866548349952,1749296866548349952.png
1749296866768872960,1749296866768872960.png
1749296866986309120,1749296866986309120.png
1749296867201004800,1749296867201004800.png
1749296867416603392,1749296867416603392.png
1749296867629943552,1749296867629943552.png
1749296867845815808,1749296867845815808.png
1749296868059754752,1749296868059754752.png
1749296868273629184,1749296868273629184.png
1749296868479228928,1749296868479228928.png
1749296868683909888,1749296868683909888.png
1749296868891521536,1749296868891521536.png
1749296869101708032,1749296869101708032.png
1749296869310309376,1749296869310309376.png
1749296869520759296,1749296869520759296.png
1749296869735994368,1749296869735994368.png
1749296869946171648,1749296869946171648.png
1749296870161520640,1749296870161520640.png
1749296870379270656,1749296870379270656.png
1749296870599849472,1749296870599849472.png
1749296870833051392,1749296870833051392.png
1749296871060889600,1749296871060889600.png
1749296871282744064,1749296871282744064.png
1749296871506617344,1749296871506617344.png
1749296871721783552,1749296871721783552.png
1749296871933525248,1749296871933525248.png
1749296872158089728,1749296872158089728.png
1749296872384331264,1749296872384331264.png
1749296872599911424,1749296872599911424.png
1749296872816876544,1749296872816876544.png
1749296873030901760,1749296873030901760.png
1749296873242058496,1749296873242058496.png
1749296873447869952,1749296873447869952.png
1749296873651299328,1749296873651299328.png
1749296873868332544,1749296873868332544.png
1749296874087008512,1749296874087008512.png
1749296874300462080,1749296874300462080.png
1749296874506325504,1749296874506325504.png
1749296874716183552,1749296874716183552.png
1749296874928558080,1749296874928558080.png
1749296875145571328,1749296875145571328.png
1749296875363067136,1749296875363067136.png
1749296875583431936,1749296875583431936.png
1749296875807726336,1749296875807726336.png
1749296876032093952,1749296876032093952.png
1749296876259237888,1749296876259237888.png
1749296876484336384,1749296876484336384.png
1749296876708777728,1749296876708777728.png
1749296876926544384,1749296876926544384.png
1749296877141074688,1749296877141074688.png
1749296877364126976,1749296877364126976.png
1749296877585037312,1749296877585037312.png
1749296877802315264,1749296877802315264.png
1749296878020537856,1749296878020537856.png
1749296878233898496,1749296878233898496.png
1749296878452829696,1749296878452829696.png
1749296878672766720,1749296878672766720.png
1749296878890890496,1749296878890890496.png
1749296879109921536,1749296879109921536.png
1749296879340236544,1749296879340236544.png
1749296879565190144,1749296879565190144.png
1749296879791522560,1749296879791522560.png
1749296880009075968,1749296880009075968.png
1749296880223185408,1749296880223185408.png
1749296880437292544,1749296880437292544.png
1749296880657368320,1749296880657368320.png
1749296880866844160,1749296880866844160.png
1749296881085600512,1749296881085600512.png
1749296881311230976,1749296881311230976.png
1749296881534906880,1749296881534906880.png
1749296881758053376,1749296881758053376.png
1749296881979555072,1749296881979555072.png
1749296882200614400,1749296882200614400.png
1749296882420969472,1749296882420969472.png
1749296882641992448,1749296882641992448.png
1749296882859463168,1749296882859463168.png
1749296883077313536,1749296883077313536.png
1749296883302871808,1749296883302871808.png
1749296883522177792,1749296883522177792.png
1749296883743095040,1749296883743095040.png
1749296883967474432,1749296883967474432.png
1749296884196916992,1749296884196916992.png
1749296884421953792,1749296884421953792.png
1749296884651188736,1749296884651188736.png
1749296884879107328,1749296884879107328.png
1749296885115356928,1749296885115356928.png
1749296885358688000,1749296885358688000.png
1749296885589887232,1749296885589887232.png
1749296885813982720,1749296885813982720.png
1749296886041917184,1749296886041917184.png
1749296886272208384,1749296886272208384.png
1749296886503222528,1749296886503222528.png
1749296886738597120,1749296886738597120.png
1749296886977052160,1749296886977052160.png
1749296887209611008,1749296887209611008.png
1749296887435299072,1749296887435299072.png
1749296887660229632,1749296887660229632.png
1749296887889520896,1749296887889520896.png
1749296888115529216,1749296888115529216.png
1749296888343680768,1749296888343680768.png
1749296888571469312,1749296888571469312.png
1749296888796236288,1749296888796236288.png
1749296889025099776,1749296889025099776.png
1749296889256321536,1749296889256321536.png
1749296889490434560,1749296889490434560.png
1749296889717202432,1749296889717202432.png
1749296889939939840,1749296889939939840.png
1749296890156721408,1749296890156721408.png
1749296890388594688,1749296890388594688.png
1749296890605849856,1749296890605849856.png
1749296890830329600,1749296890830329600.png
1749296891062445312,1749296891062445312.png
1749296891287009536,1749296891287009536.png
1749296891513164032,1749296891513164032.png
1749296891734260736,1749296891734260736.png
1749296891957619200,1749296891957619200.png
1749296892180632064,1749296892180632064.png
1749296892402849024,1749296892402849024.png
1749296892631815680,1749296892631815680.png
1749296892863709952,1749296892863709952.png
1749296893090374144,1749296893090374144.png
1749296893319043072,1749296893319043072.png
1749296893553065984,1749296893553065984.png
1749296893793267456,1749296893793267456.png
1749296894038098176,1749296894038098176.png
1749296894295200256,1749296894295200256.png
1749296894562249728,1749296894562249728.png
1749296894810442752,1749296894810442752.png
1749296895062756864,1749296895062756864.png
1749296895332750592,1749296895332750592.png
1749296895616332032,1749296895616332032.png
